{
  "helmet": {
    "precision": 0.9657142857142857,
    "recall": 0.8802083333333334,
    "f1_score": 0.9209809264305177,
    "accuracy": 0.8535353535353535,
    "tp": 169,
    "fp": 6,
    "fn": 23,
    "total_gt": 192
  },
  "gloves": {
    "precision": 0.9411764705882353,
    "recall": 0.6871165644171779,
    "f1_score": 0.7943262411347518,
    "accuracy": 0.6588235294117647,
    "tp": 112,
    "fp": 7,
    "fn": 51,
    "total_gt": 163
  },
  "boots": {
    "precision": 0.8518518518518519,
    "recall": 0.6540284360189573,
    "f1_score": 0.7399463806970509,
    "accuracy": 0.5872340425531914,
    "tp": 138,
    "fp": 24,
    "fn": 73,
    "total_gt": 211
  },
  "jacket": {
    "precision": 0.888235294117647,
    "recall": 0.848314606741573,
    "f1_score": 0.867816091954023,
    "accuracy": 0.766497461928934,
    "tp": 151,
    "fp": 19,
    "fn": 27,
    "total_gt": 178
  }
}